{"cameraMode":{"drawMode":0,"name":"Shaded","section":"Shading Mode"},"sceneLighting":false,"audioPlay":false,"sceneViewState":{"showFog":true,"showMaterialUpdate":false,"showSkybox":true,"showFlares":true,"showImageEffects":true,"showParticleSystems":true},"in2DMode":false,"pivot":{"x":-99.45791625976563,"y":9.693342208862305,"z":-75.9460220336914},"rotation":{"x":0.0192754827439785,"y":0.9082359075546265,"z":-0.41588902473449709,"w":0.0420999601483345},"size":3.4131922721862795,"orthographic":false}