{"cameraMode":{"drawMode":0,"name":"Shaded","section":"Shading Mode"},"sceneLighting":false,"audioPlay":false,"sceneViewState":{"showFog":true,"showMaterialUpdate":false,"showSkybox":true,"showFlares":true,"showImageEffects":true,"showParticleSystems":true},"in2DMode":false,"pivot":{"x":-101.52104949951172,"y":10.104782104492188,"z":-78.4885482788086},"rotation":{"x":0.04774680733680725,"y":-0.9511728882789612,"z":0.19113945960998536,"w":0.2376050353050232},"size":6.758947849273682,"orthographic":false}